--store数据
insert into store.dbo.Store (StoreNO,StoreName,StoreAddress) values ('8282443','Herrington','central,1,12');
insert into store.dbo.Store (StoreNO,StoreName,StoreAddress) values ('1911546','Wayne','central,10,19');
insert into store.dbo.Store (StoreNO,StoreName,StoreAddress) values ('2897859','Jensen','central,1,3');
insert into store.dbo.Store (StoreNO,StoreName,StoreAddress) values ('1845614','Fields','central,10,11');
insert into store.dbo.Store (StoreNO,StoreName,StoreAddress) values ('3102933','Rick','north,9,16');
insert into store.dbo.Store (StoreNO,StoreName,StoreAddress) values ('2188282','Rogers','north,7,19');
insert into store.dbo.Store (StoreNO,StoreName,StoreAddress) values ('8599331','Addy','south,8,5');
insert into store.dbo.Store (StoreNO,StoreName,StoreAddress) values ('4134660','Thompson','south,4,17');
insert into store.dbo.Store (StoreNO,StoreName,StoreAddress) values ('9399131','Witherspoon','south,8,7');
insert into store.dbo.Store (StoreNO,StoreName,StoreAddress) values ('9731158','Ophelia','south,7,5');
insert into store.dbo.Store (StoreNO,StoreName,StoreAddress) values ('5591267','BaistOW','east,2,18');
insert into store.dbo.Store (StoreNO,StoreName,StoreAddress) values ('1260342','Erica','east,5,9');
insert into store.dbo.Store (StoreNO,StoreName,StoreAddress) values ('3773547','Caldwell','east,6,16');
insert into store.dbo.Store (StoreNO,StoreName,StoreAddress) values ('3566404','Emery','west,1,13');
insert into store.dbo.Store (StoreNO,StoreName,StoreAddress) values ('8333702','Emanuel','west,2,13');
insert into store.dbo.Store (StoreNO,StoreName,StoreAddress) values ('6062516','Martha','west,8,7');
insert into store.dbo.Store (StoreNO,StoreName,StoreAddress) values ('9258048','Gael','west,5,9');
--sales数据
insert into store.dbo.Sales (StoreNO,ProductNO,SalesNum) values ('8282443','A1266','74');
insert into store.dbo.Sales (StoreNO,ProductNO,SalesNum) values ('1911546','A1267','60');
insert into store.dbo.Sales (StoreNO,ProductNO,SalesNum) values ('2897859','A1268','92');
insert into store.dbo.Sales (StoreNO,ProductNO,SalesNum) values ('1845614','A1269','95');
insert into store.dbo.Sales (StoreNO,ProductNO,SalesNum) values ('3102933','A1270','69');
insert into store.dbo.Sales (StoreNO,ProductNO,SalesNum) values ('2188282','A1271','75');
insert into store.dbo.Sales (StoreNO,ProductNO,SalesNum) values ('8599331','A1272','24');
insert into store.dbo.Sales (StoreNO,ProductNO,SalesNum) values ('4134660','A1273','99');
insert into store.dbo.Sales (StoreNO,ProductNO,SalesNum) values ('9399131','A1274','81');
insert into store.dbo.Sales (StoreNO,ProductNO,SalesNum) values ('9731158','A1275','70');
insert into store.dbo.Sales (StoreNO,ProductNO,SalesNum) values ('5591267','A1276','57');
insert into store.dbo.Sales (StoreNO,ProductNO,SalesNum) values ('1260342','A1277','44');
insert into store.dbo.Sales (StoreNO,ProductNO,SalesNum) values ('3773547','A1278','69');
insert into store.dbo.Sales (StoreNO,ProductNO,SalesNum) values ('3566404','A1279','37');
insert into store.dbo.Sales (StoreNO,ProductNO,SalesNum) values ('8333702','A1280','55');
insert into store.dbo.Sales (StoreNO,ProductNO,SalesNum) values ('6062516','A1281','30');
insert into store.dbo.Sales (StoreNO,ProductNO,SalesNum) values ('9258048','A1282','52');
insert into store.dbo.Sales (StoreNO,ProductNO,SalesNum) values ('8282443','A1283','33');
insert into store.dbo.Sales (StoreNO,ProductNO,SalesNum) values ('1911546','A1284','87');
insert into store.dbo.Sales (StoreNO,ProductNO,SalesNum) values ('2897859','A1285','29');
insert into store.dbo.Sales (StoreNO,ProductNO,SalesNum) values ('1845614','A1286','97');
insert into store.dbo.Sales (StoreNO,ProductNO,SalesNum) values ('3102933','B6845','22');
insert into store.dbo.Sales (StoreNO,ProductNO,SalesNum) values ('2188282','B6846','34');
insert into store.dbo.Sales (StoreNO,ProductNO,SalesNum) values ('8599331','B6847','25');
insert into store.dbo.Sales (StoreNO,ProductNO,SalesNum) values ('4134660','B6848','57');
insert into store.dbo.Sales (StoreNO,ProductNO,SalesNum) values ('9399131','B6849','61');
insert into store.dbo.Sales (StoreNO,ProductNO,SalesNum) values ('9731158','B6850','60');
insert into store.dbo.Sales (StoreNO,ProductNO,SalesNum) values ('5591267','B6851','96');
insert into store.dbo.Sales (StoreNO,ProductNO,SalesNum) values ('1260342','B6852','68');
insert into store.dbo.Sales (StoreNO,ProductNO,SalesNum) values ('3773547','B6853','72');
insert into store.dbo.Sales (StoreNO,ProductNO,SalesNum) values ('3566404','B6854','87');
insert into store.dbo.Sales (StoreNO,ProductNO,SalesNum) values ('8333702','B6855','32');
insert into store.dbo.Sales (StoreNO,ProductNO,SalesNum) values ('6062516','B6856','36');
insert into store.dbo.Sales (StoreNO,ProductNO,SalesNum) values ('9258048','B6857','50');
insert into store.dbo.Sales (StoreNO,ProductNO,SalesNum) values ('8282443','B6858','35');
insert into store.dbo.Sales (StoreNO,ProductNO,SalesNum) values ('1911546','B6859','86');
insert into store.dbo.Sales (StoreNO,ProductNO,SalesNum) values ('2897859','B6860','69');
insert into store.dbo.Sales (StoreNO,ProductNO,SalesNum) values ('1845614','B6861','22');
insert into store.dbo.Sales (StoreNO,ProductNO,SalesNum) values ('3102933','B6862','52');
insert into store.dbo.Sales (StoreNO,ProductNO,SalesNum) values ('2188282','B6863','78');
insert into store.dbo.Sales (StoreNO,ProductNO,SalesNum) values ('8599331','B6864','65');
insert into store.dbo.Sales (StoreNO,ProductNO,SalesNum) values ('4134660','B6865','63');
insert into store.dbo.Sales (StoreNO,ProductNO,SalesNum) values ('9399131','B6866','39');
insert into store.dbo.Sales (StoreNO,ProductNO,SalesNum) values ('9731158','C4363','13');
insert into store.dbo.Sales (StoreNO,ProductNO,SalesNum) values ('5591267','C4364','88');
insert into store.dbo.Sales (StoreNO,ProductNO,SalesNum) values ('1260342','C4365','61');
insert into store.dbo.Sales (StoreNO,ProductNO,SalesNum) values ('3773547','C4366','25');
insert into store.dbo.Sales (StoreNO,ProductNO,SalesNum) values ('3566404','C4367','47');
insert into store.dbo.Sales (StoreNO,ProductNO,SalesNum) values ('8333702','C4368','47');
insert into store.dbo.Sales (StoreNO,ProductNO,SalesNum) values ('6062516','C4369','16');
insert into store.dbo.Sales (StoreNO,ProductNO,SalesNum) values ('9258048','C4370','10');
insert into store.dbo.Sales (StoreNO,ProductNO,SalesNum) values ('8282443','C4371','57');
insert into store.dbo.Sales (StoreNO,ProductNO,SalesNum) values ('1911546','C4372','57');
insert into store.dbo.Sales (StoreNO,ProductNO,SalesNum) values ('2897859','C4373','53');
insert into store.dbo.Sales (StoreNO,ProductNO,SalesNum) values ('1845614','C4374','84');
insert into store.dbo.Sales (StoreNO,ProductNO,SalesNum) values ('3102933','C4375','67');
insert into store.dbo.Sales (StoreNO,ProductNO,SalesNum) values ('2188282','C4376','27');
insert into store.dbo.Sales (StoreNO,ProductNO,SalesNum) values ('8599331','C4377','68');
insert into store.dbo.Sales (StoreNO,ProductNO,SalesNum) values ('4134660','C4378','25');
insert into store.dbo.Sales (StoreNO,ProductNO,SalesNum) values ('9399131','C4379','56');
insert into store.dbo.Sales (StoreNO,ProductNO,SalesNum) values ('9731158','C4380','13');
insert into store.dbo.Sales (StoreNO,ProductNO,SalesNum) values ('5591267','C4381','80');
insert into store.dbo.Sales (StoreNO,ProductNO,SalesNum) values ('1260342','C4382','79');
insert into store.dbo.Sales (StoreNO,ProductNO,SalesNum) values ('3773547','C4383','61');
insert into store.dbo.Sales (StoreNO,ProductNO,SalesNum) values ('3566404','C4384','12');
insert into store.dbo.Sales (StoreNO,ProductNO,SalesNum) values ('8333702','C4385','82');
insert into store.dbo.Sales (StoreNO,ProductNO,SalesNum) values ('6062516','C4386','24');
insert into store.dbo.Sales (StoreNO,ProductNO,SalesNum) values ('9258048','C4387','90');
insert into store.dbo.Sales (StoreNO,ProductNO,SalesNum) values ('8282443','C4388','16');
insert into store.dbo.Sales (StoreNO,ProductNO,SalesNum) values ('1911546','C4389','99');
insert into store.dbo.Sales (StoreNO,ProductNO,SalesNum) values ('2897859','C4390','97');
insert into store.dbo.Sales (StoreNO,ProductNO,SalesNum) values ('1845614','C4391','21');
insert into store.dbo.Sales (StoreNO,ProductNO,SalesNum) values ('3102933','C4392','16');
insert into store.dbo.Sales (StoreNO,ProductNO,SalesNum) values ('2188282','C4393','59');
insert into store.dbo.Sales (StoreNO,ProductNO,SalesNum) values ('8599331','C4394','29');
insert into store.dbo.Sales (StoreNO,ProductNO,SalesNum) values ('4134660','C4395','40');
insert into store.dbo.Sales (StoreNO,ProductNO,SalesNum) values ('9399131','C4396','64');
insert into store.dbo.Sales (StoreNO,ProductNO,SalesNum) values ('9731158','C4397','89');
insert into store.dbo.Sales (StoreNO,ProductNO,SalesNum) values ('5591267','C4398','87');
insert into store.dbo.Sales (StoreNO,ProductNO,SalesNum) values ('1260342','C4399','56');
insert into store.dbo.Sales (StoreNO,ProductNO,SalesNum) values ('3773547','C4400','30');
insert into store.dbo.Sales (StoreNO,ProductNO,SalesNum) values ('3566404','C4401','59');
insert into store.dbo.Sales (StoreNO,ProductNO,SalesNum) values ('8333702','C4402','17');
insert into store.dbo.Sales (StoreNO,ProductNO,SalesNum) values ('6062516','C4403','94');
insert into store.dbo.Sales (StoreNO,ProductNO,SalesNum) values ('9258048','C4404','71');
insert into store.dbo.Sales (StoreNO,ProductNO,SalesNum) values ('8282443','C4405','30');
insert into store.dbo.Sales (StoreNO,ProductNO,SalesNum) values ('1911546','C4406','53');
insert into store.dbo.Sales (StoreNO,ProductNO,SalesNum) values ('2897859','C4407','96');
insert into store.dbo.Sales (StoreNO,ProductNO,SalesNum) values ('1845614','C4408','100');
insert into store.dbo.Sales (StoreNO,ProductNO,SalesNum) values ('3102933','C4409','64');
insert into store.dbo.Sales (StoreNO,ProductNO,SalesNum) values ('2188282','C4410','62');
insert into store.dbo.Sales (StoreNO,ProductNO,SalesNum) values ('8599331','C4411','43');
insert into store.dbo.Sales (StoreNO,ProductNO,SalesNum) values ('4134660','C4412','55');
insert into store.dbo.Sales (StoreNO,ProductNO,SalesNum) values ('9399131','C4413','86');
insert into store.dbo.Sales (StoreNO,ProductNO,SalesNum) values ('9731158','C4414','20');
insert into store.dbo.Sales (StoreNO,ProductNO,SalesNum) values ('5591267','C4415','13');
insert into store.dbo.Sales (StoreNO,ProductNO,SalesNum) values ('1260342','V6844','68');
insert into store.dbo.Sales (StoreNO,ProductNO,SalesNum) values ('3773547','V6845','47');
insert into store.dbo.Sales (StoreNO,ProductNO,SalesNum) values ('3566404','V6846','61');
insert into store.dbo.Sales (StoreNO,ProductNO,SalesNum) values ('8333702','V6847','56');
insert into store.dbo.Sales (StoreNO,ProductNO,SalesNum) values ('6062516','V6848','10');
insert into store.dbo.Sales (StoreNO,ProductNO,SalesNum) values ('9258048','V6849','68');
insert into store.dbo.Sales (StoreNO,ProductNO,SalesNum) values ('8282443','V6850','17');
insert into store.dbo.Sales (StoreNO,ProductNO,SalesNum) values ('1911546','V6851','72');
insert into store.dbo.Sales (StoreNO,ProductNO,SalesNum) values ('2897859','V6852','29');
insert into store.dbo.Sales (StoreNO,ProductNO,SalesNum) values ('1845614','V6853','26');
insert into store.dbo.Sales (StoreNO,ProductNO,SalesNum) values ('3102933','V6854','11');
insert into store.dbo.Sales (StoreNO,ProductNO,SalesNum) values ('2188282','V6855','90');
insert into store.dbo.Sales (StoreNO,ProductNO,SalesNum) values ('8599331','V6856','26');
insert into store.dbo.Sales (StoreNO,ProductNO,SalesNum) values ('4134660','V6857','98');
insert into store.dbo.Sales (StoreNO,ProductNO,SalesNum) values ('9399131','V6858','24');
insert into store.dbo.Sales (StoreNO,ProductNO,SalesNum) values ('9731158','V6859','78');
insert into store.dbo.Sales (StoreNO,ProductNO,SalesNum) values ('5591267','V6860','32');
insert into store.dbo.Sales (StoreNO,ProductNO,SalesNum) values ('1260342','V6861','11');
insert into store.dbo.Sales (StoreNO,ProductNO,SalesNum) values ('3773547','V6862','87');
insert into store.dbo.Sales (StoreNO,ProductNO,SalesNum) values ('3566404','V6863','42');
insert into store.dbo.Sales (StoreNO,ProductNO,SalesNum) values ('8333702','V6864','12');
insert into store.dbo.Sales (StoreNO,ProductNO,SalesNum) values ('6062516','V6865','25');
insert into store.dbo.Sales (StoreNO,ProductNO,SalesNum) values ('9258048','V6866','74');
insert into store.dbo.Sales (StoreNO,ProductNO,SalesNum) values ('8282443','V6867','99');
insert into store.dbo.Sales (StoreNO,ProductNO,SalesNum) values ('1911546','V6868','50');
insert into store.dbo.Sales (StoreNO,ProductNO,SalesNum) values ('2897859','V6869','19');
insert into store.dbo.Sales (StoreNO,ProductNO,SalesNum) values ('1845614','V6870','88');
insert into store.dbo.Sales (StoreNO,ProductNO,SalesNum) values ('3102933','V6871','11');
insert into store.dbo.Sales (StoreNO,ProductNO,SalesNum) values ('2188282','V6872','38');
--WORKERS
insert into store.dbo.Workers (WorkerNO,WorkerName,WorkerSex,WorkerGrade) values ('901041','Wall','F','5287');
insert into store.dbo.Workers (WorkerNO,WorkerName,WorkerSex,WorkerGrade) values ('364651','Porter','M','5824');
insert into store.dbo.Workers (WorkerNO,WorkerName,WorkerSex,WorkerGrade) values ('624689','Maddox','F','8943');
insert into store.dbo.Workers (WorkerNO,WorkerName,WorkerSex,WorkerGrade) values ('718288','Kelly','M','2561');
insert into store.dbo.Workers (WorkerNO,WorkerName,WorkerSex,WorkerGrade) values ('432180','Jensen','F','5640');
insert into store.dbo.Workers (WorkerNO,WorkerName,WorkerSex,WorkerGrade) values ('719972','Mayer','M','9640');
insert into store.dbo.Workers (WorkerNO,WorkerName,WorkerSex,WorkerGrade) values ('256553','Herring','F','9899');
insert into store.dbo.Workers (WorkerNO,WorkerName,WorkerSex,WorkerGrade) values ('140972','Cannon','M','5045');
insert into store.dbo.Workers (WorkerNO,WorkerName,WorkerSex,WorkerGrade) values ('366498','Ballard','F','5409');
insert into store.dbo.Workers (WorkerNO,WorkerName,WorkerSex,WorkerGrade) values ('523366','Carr','M','8653');
insert into store.dbo.Workers (WorkerNO,WorkerName,WorkerSex,WorkerGrade) values ('448445','Page','F','6401');
insert into store.dbo.Workers (WorkerNO,WorkerName,WorkerSex,WorkerGrade) values ('498807','Ray','M','2472');
insert into store.dbo.Workers (WorkerNO,WorkerName,WorkerSex,WorkerGrade) values ('916772','Stone','F','8027');
insert into store.dbo.Workers (WorkerNO,WorkerName,WorkerSex,WorkerGrade) values ('676939','Kelley','M','8419');
insert into store.dbo.Workers (WorkerNO,WorkerName,WorkerSex,WorkerGrade) values ('687662','Whitaker','F','9207');
insert into store.dbo.Workers (WorkerNO,WorkerName,WorkerSex,WorkerGrade) values ('456342','Roberson','M','3064');
insert into store.dbo.Workers (WorkerNO,WorkerName,WorkerSex,WorkerGrade) values ('922957','Walker','F','4197');
insert into store.dbo.Workers (WorkerNO,WorkerName,WorkerSex,WorkerGrade) values ('335798','Hanson','M','1751');
insert into store.dbo.Workers (WorkerNO,WorkerName,WorkerSex,WorkerGrade) values ('359681','Flynn','F','5972');
insert into store.dbo.Workers (WorkerNO,WorkerName,WorkerSex,WorkerGrade) values ('960259','Robbins','M','4875');
insert into store.dbo.Workers (WorkerNO,WorkerName,WorkerSex,WorkerGrade) values ('761054','Steele','F','6289');
insert into store.dbo.Workers (WorkerNO,WorkerName,WorkerSex,WorkerGrade) values ('581457','Jacobs','M','2678');
insert into store.dbo.Workers (WorkerNO,WorkerName,WorkerSex,WorkerGrade) values ('798848','Glass','F','3560');
insert into store.dbo.Workers (WorkerNO,WorkerName,WorkerSex,WorkerGrade) values ('708417','Mayo','M','1022');
insert into store.dbo.Workers (WorkerNO,WorkerName,WorkerSex,WorkerGrade) values ('533775','Osborne','F','2639');
insert into store.dbo.Workers (WorkerNO,WorkerName,WorkerSex,WorkerGrade) values ('634663','Cameron','M','4600');
insert into store.dbo.Workers (WorkerNO,WorkerName,WorkerSex,WorkerGrade) values ('472806','Wolfe','F','1701');
insert into store.dbo.Workers (WorkerNO,WorkerName,WorkerSex,WorkerGrade) values ('819258','Phelps','M','3096');
insert into store.dbo.Workers (WorkerNO,WorkerName,WorkerSex,WorkerGrade) values ('649362','Marks','F','6954');
insert into store.dbo.Workers (WorkerNO,WorkerName,WorkerSex,WorkerGrade) values ('450418','Oliver','M','6279');
insert into store.dbo.Workers (WorkerNO,WorkerName,WorkerSex,WorkerGrade) values ('567609','Watson','F','2626');
insert into store.dbo.Workers (WorkerNO,WorkerName,WorkerSex,WorkerGrade) values ('149905','Newton','M','4286');
insert into store.dbo.Workers (WorkerNO,WorkerName,WorkerSex,WorkerGrade) values ('117068','Doyle','F','9381');
insert into store.dbo.Workers (WorkerNO,WorkerName,WorkerSex,WorkerGrade) values ('116891','Pitts','M','3800');
insert into store.dbo.Workers (WorkerNO,WorkerName,WorkerSex,WorkerGrade) values ('562946','Foley','F','6287');
insert into store.dbo.Workers (WorkerNO,WorkerName,WorkerSex,WorkerGrade) values ('915991','Maynard','M','5371');
insert into store.dbo.Workers (WorkerNO,WorkerName,WorkerSex,WorkerGrade) values ('974103','Vance','F','1759');
insert into store.dbo.Workers (WorkerNO,WorkerName,WorkerSex,WorkerGrade) values ('416268','Dunlap','M','6291');
insert into store.dbo.Workers (WorkerNO,WorkerName,WorkerSex,WorkerGrade) values ('495844','Fox','F','5446');
insert into store.dbo.Workers (WorkerNO,WorkerName,WorkerSex,WorkerGrade) values ('832196','Richmond','M','9593');
insert into store.dbo.Workers (WorkerNO,WorkerName,WorkerSex,WorkerGrade) values ('234360','Emerson','F','1076');
insert into store.dbo.Workers (WorkerNO,WorkerName,WorkerSex,WorkerGrade) values ('468321','Salazar','M','4769');
insert into store.dbo.Workers (WorkerNO,WorkerName,WorkerSex,WorkerGrade) values ('449768','Jordan','F','8656');
insert into store.dbo.Workers (WorkerNO,WorkerName,WorkerSex,WorkerGrade) values ('455358','Walsh','M','5261');
insert into store.dbo.Workers (WorkerNO,WorkerName,WorkerSex,WorkerGrade) values ('148640','Lawson','F','8905');
insert into store.dbo.Workers (WorkerNO,WorkerName,WorkerSex,WorkerGrade) values ('289960','Knox','M','4261');
insert into store.dbo.Workers (WorkerNO,WorkerName,WorkerSex,WorkerGrade) values ('310524','Sims','F','1173');
insert into store.dbo.Workers (WorkerNO,WorkerName,WorkerSex,WorkerGrade) values ('740168','Knapp','M','1391');
insert into store.dbo.Workers (WorkerNO,WorkerName,WorkerSex,WorkerGrade) values ('983377','Lawrence','F','1547');
insert into store.dbo.Workers (WorkerNO,WorkerName,WorkerSex,WorkerGrade) values ('549868','Quinn','M','3704');
insert into store.dbo.Workers (WorkerNO,WorkerName,WorkerSex,WorkerGrade) values ('958791','Neal','F','7396');
--hire
insert into store.dbo.Hire (salary,HireTime,WorkerNO,StoreNO) values ('4952','2','901041','8282443');
insert into store.dbo.Hire (salary,HireTime,WorkerNO,StoreNO) values ('8427','3','364651','1911546');
insert into store.dbo.Hire (salary,HireTime,WorkerNO,StoreNO) values ('3033','4','624689','2897859');
insert into store.dbo.Hire (salary,HireTime,WorkerNO,StoreNO) values ('3629','2','718288','1845614');
insert into store.dbo.Hire (salary,HireTime,WorkerNO,StoreNO) values ('3241','2','432180','3102933');
insert into store.dbo.Hire (salary,HireTime,WorkerNO,StoreNO) values ('7413','3','719972','2188282');
insert into store.dbo.Hire (salary,HireTime,WorkerNO,StoreNO) values ('5247','5','256553','8599331');
insert into store.dbo.Hire (salary,HireTime,WorkerNO,StoreNO) values ('4868','4','140972','4134660');
insert into store.dbo.Hire (salary,HireTime,WorkerNO,StoreNO) values ('5368','5','366498','9399131');
insert into store.dbo.Hire (salary,HireTime,WorkerNO,StoreNO) values ('6414','2','523366','9731158');
insert into store.dbo.Hire (salary,HireTime,WorkerNO,StoreNO) values ('8099','2','448445','5591267');
insert into store.dbo.Hire (salary,HireTime,WorkerNO,StoreNO) values ('6528','4','498807','1260342');
insert into store.dbo.Hire (salary,HireTime,WorkerNO,StoreNO) values ('5137','2','916772','3773547');
insert into store.dbo.Hire (salary,HireTime,WorkerNO,StoreNO) values ('6886','4','676939','3566404');
insert into store.dbo.Hire (salary,HireTime,WorkerNO,StoreNO) values ('3854','4','687662','8333702');
insert into store.dbo.Hire (salary,HireTime,WorkerNO,StoreNO) values ('5873','2','456342','6062516');
insert into store.dbo.Hire (salary,HireTime,WorkerNO,StoreNO) values ('6485','4','922957','9258048');
insert into store.dbo.Hire (salary,HireTime,WorkerNO,StoreNO) values ('3841','5','335798','8282443');
insert into store.dbo.Hire (salary,HireTime,WorkerNO,StoreNO) values ('5457','3','359681','1911546');
insert into store.dbo.Hire (salary,HireTime,WorkerNO,StoreNO) values ('6337','5','960259','2897859');
insert into store.dbo.Hire (salary,HireTime,WorkerNO,StoreNO) values ('8492','2','761054','1845614');
insert into store.dbo.Hire (salary,HireTime,WorkerNO,StoreNO) values ('7910','2','581457','3102933');
insert into store.dbo.Hire (salary,HireTime,WorkerNO,StoreNO) values ('7435','4','798848','2188282');
insert into store.dbo.Hire (salary,HireTime,WorkerNO,StoreNO) values ('8736','2','708417','8599331');
insert into store.dbo.Hire (salary,HireTime,WorkerNO,StoreNO) values ('5348','2','533775','4134660');
insert into store.dbo.Hire (salary,HireTime,WorkerNO,StoreNO) values ('3852','2','634663','9399131');
insert into store.dbo.Hire (salary,HireTime,WorkerNO,StoreNO) values ('8347','4','472806','9731158');
insert into store.dbo.Hire (salary,HireTime,WorkerNO,StoreNO) values ('7091','3','819258','5591267');
insert into store.dbo.Hire (salary,HireTime,WorkerNO,StoreNO) values ('3423','4','649362','1260342');
insert into store.dbo.Hire (salary,HireTime,WorkerNO,StoreNO) values ('8967','2','450418','3773547');
insert into store.dbo.Hire (salary,HireTime,WorkerNO,StoreNO) values ('4773','3','567609','3566404');
insert into store.dbo.Hire (salary,HireTime,WorkerNO,StoreNO) values ('7529','3','149905','8333702');
insert into store.dbo.Hire (salary,HireTime,WorkerNO,StoreNO) values ('5954','3','117068','6062516');
insert into store.dbo.Hire (salary,HireTime,WorkerNO,StoreNO) values ('9380','5','116891','9258048');
insert into store.dbo.Hire (salary,HireTime,WorkerNO,StoreNO) values ('3605','5','562946','8282443');
insert into store.dbo.Hire (salary,HireTime,WorkerNO,StoreNO) values ('9947','2','915991','1911546');
insert into store.dbo.Hire (salary,HireTime,WorkerNO,StoreNO) values ('4447','4','974103','2897859');
insert into store.dbo.Hire (salary,HireTime,WorkerNO,StoreNO) values ('7386','2','416268','1845614');
insert into store.dbo.Hire (salary,HireTime,WorkerNO,StoreNO) values ('9891','5','495844','3102933');
insert into store.dbo.Hire (salary,HireTime,WorkerNO,StoreNO) values ('9751','5','832196','2188282');
insert into store.dbo.Hire (salary,HireTime,WorkerNO,StoreNO) values ('7996','4','234360','8599331');
insert into store.dbo.Hire (salary,HireTime,WorkerNO,StoreNO) values ('6129','4','468321','4134660');
insert into store.dbo.Hire (salary,HireTime,WorkerNO,StoreNO) values ('6478','3','449768','9399131');
insert into store.dbo.Hire (salary,HireTime,WorkerNO,StoreNO) values ('7371','5','455358','9731158');
insert into store.dbo.Hire (salary,HireTime,WorkerNO,StoreNO) values ('6314','4','148640','5591267');
insert into store.dbo.Hire (salary,HireTime,WorkerNO,StoreNO) values ('5577','4','289960','1260342');
insert into store.dbo.Hire (salary,HireTime,WorkerNO,StoreNO) values ('4605','4','310524','3773547');
insert into store.dbo.Hire (salary,HireTime,WorkerNO,StoreNO) values ('4747','2','740168','3566404');
insert into store.dbo.Hire (salary,HireTime,WorkerNO,StoreNO) values ('4814','4','983377','8333702');
insert into store.dbo.Hire (salary,HireTime,WorkerNO,StoreNO) values ('8317','3','549868','6062516');
insert into store.dbo.Hire (salary,HireTime,WorkerNO,StoreNO) values ('9562','3','958791','9258048');
